{
    "emotional_intensity": {
        "accuracy": 0.828,
        "mae": 0.176,
        "off_by_one_pct": 0.996,
        "f1_micro": 0.828,
        "f1_macro": 0.8478370749771805,
        "f1_weighted": 0.825244240443382,
        "class_report": {
            "1": {
                "precision": 0.8968253968253969,
                "recall": 0.9495798319327731,
                "f1-score": 0.9224489795918367,
                "support": 119.0
            },
            "2": {
                "precision": 0.7272727272727273,
                "recall": 0.6736842105263158,
                "f1-score": 0.6994535519125683,
                "support": 95.0
            },
            "3": {
                "precision": 0.8486842105263158,
                "recall": 0.75,
                "f1-score": 0.7962962962962963,
                "support": 172.0
            },
            "4": {
                "precision": 0.7868852459016393,
                "recall": 0.9504950495049505,
                "f1-score": 0.8609865470852018,
                "support": 101.0
            },
            "5": {
                "precision": 1.0,
                "recall": 0.9230769230769231,
                "f1-score": 0.96,
                "support": 13.0
            },
            "accuracy": 0.828,
            "macro avg": {
                "precision": 0.8519335161052158,
                "recall": 0.8493672030081925,
                "f1-score": 0.8478370749771805,
                "support": 500.0
            },
            "weighted avg": {
                "precision": 0.8285244507194465,
                "recall": 0.828,
                "f1-score": 0.825244240443382,
                "support": 500.0
            }
        }
    },
    "political_spectrum": {
        "accuracy": 0.854,
        "mae": 0.154,
        "off_by_one_pct": 0.992,
        "f1_micro": 0.854,
        "f1_macro": 0.8407341993442937,
        "f1_weighted": 0.8567587020555815,
        "class_report": {
            "1": {
                "precision": 0.7142857142857143,
                "recall": 0.9090909090909091,
                "f1-score": 0.8,
                "support": 11.0
            },
            "2": {
                "precision": 0.7101449275362319,
                "recall": 0.8166666666666667,
                "f1-score": 0.7596899224806202,
                "support": 120.0
            },
            "3": {
                "precision": 0.9280575539568345,
                "recall": 0.862876254180602,
                "f1-score": 0.8942807625649913,
                "support": 299.0
            },
            "4": {
                "precision": 0.84,
                "recall": 0.8936170212765957,
                "f1-score": 0.865979381443299,
                "support": 47.0
            },
            "5": {
                "precision": 0.95,
                "recall": 0.8260869565217391,
                "f1-score": 0.8837209302325582,
                "support": 23.0
            },
            "accuracy": 0.854,
            "macro avg": {
                "precision": 0.8284976391557561,
                "recall": 0.8616675615473024,
                "f1-score": 0.8407341993442937,
                "support": 500.0
            },
            "weighted avg": {
                "precision": 0.8637874855891685,
                "recall": 0.854,
                "f1-score": 0.8567587020555815,
                "support": 500.0
            }
        }
    }
}