{
    "train_losses": [
        0.9326864241938654,
        0.5739435461641588,
        0.43485045007396816,
        0.34753266704490665,
        0.2931557219706154,
        0.25067374437669987,
        0.2172530939484515,
        0.18724978394373049,
        0.16661178459034182,
        0.15657180640497026
    ],
    "val_losses": [
        0.5855955590619965,
        0.6373940895185547,
        0.7087921097044603,
        0.6761556915958618,
        0.7215692745595775,
        0.7794780759264367,
        0.8571596977249064,
        0.876271329088932,
        0.9234479600143686,
        0.9504481062332578
    ],
    "emotional_accuracies": [
        66.4617429592091,
        63.72019606214173,
        61.41895821217911,
        66.470050677079,
        66.75251308465565,
        66.11281880867325,
        65.34850876464235,
        66.86051341696437,
        66.26235773033147,
        66.32051175542078
    ],
    "political_accuracies": [
        78.28362548807843,
        74.98546149372767,
        72.19406828944089,
        75.35930879787323,
        74.03838165655894,
        75.97407992024591,
        74.16299742460745,
        75.29284705491402,
        75.97407992024591,
        75.68330979479937
    ],
    "best_val_loss": 0.5855955590619965,
    "best_emotional_acc": 66.86051341696437,
    "best_political_acc": 78.28362548807843
}