{
    "train_losses": [
        0.9326864241938654,
        0.5739435461641588,
        0.43485045007396816
    ],
    "val_losses": [
        0.5855955590619965,
        0.6373940895185547,
        0.7087921097044603
    ],
    "emotional_accuracies": [
        66.4617429592091,
        63.72019606214173,
        61.41895821217911
    ],
    "political_accuracies": [
        78.28362548807843,
        74.98546149372767,
        72.19406828944089
    ],
    "best_val_loss": 0.5855955590619965,
    "best_emotional_acc": 66.4617429592091,
    "best_political_acc": 78.28362548807843
}